{
  "_fv": 4,
  "_type": "block",
  "definition": {
    "texture": "redironblock2",
    "textureTop": "redironblock2",
    "textureLeft": "redironblock2",
    "textureFront": "redironblock2",
    "textureRight": "redironblock2",
    "textureBack": "redironblock2",
    "renderType": 10,
    "customModelName": "Normal",
    "rotationMode": 0,
    "oreDictionaryName": "",
    "hasTransparency": false,
    "transparencyType": "SOLID",
    "mx": 0.0,
    "my": 0.0,
    "mz": 0.0,
    "Mx": 1.0,
    "My": 1.0,
    "Mz": 1.0,
    "faceShape": "SOLID",
    "name": "Red Iron Block",
    "specialInfo": [],
    "hardness": 5.0,
    "resistance": 10.0,
    "hasGravity": false,
    "creativeTab": {
      "value": "CUSTOM:Ingots"
    },
    "destroyTool": "pickaxe",
    "affectedBySilkTouch": true,
    "hasCustomDrop": true,
    "customDrop": {
      "value": "CUSTOM:RedIron"
    },
    "dropAmount": 5,
    "isBeaconBase": false,
    "enchantPowerBonus": 0.0,
    "plantsGrowOn": false,
    "canProvidePower": false,
    "lightOpacity": 255,
    "material": {
      "value": "IRON"
    },
    "tickRate": 10,
    "isReplaceable": false,
    "isFlammable": false,
    "colorOnMap": "DEFAULT",
    "creativePickItem": {
      "value": ""
    },
    "isNotColidable": false,
    "soundOnStep": {
      "value": "METAL"
    },
    "luminance": 0.0,
    "unbreakable": false,
    "breakHarvestLevel": 3,
    "spawnParticles": false,
    "particleToSpawn": {
      "value": "EXPLOSION_NORMAL"
    },
    "particleSpawningShape": "Spread",
    "particleSpawningRadious": 0.5,
    "particleAmount": 4,
    "particleSpawningCondition": "ALWAYS",
    "hasInventory": false,
    "inventorySize": 9,
    "inventoryStackSize": 64,
    "inventoryDropWhenDestroyed": true,
    "inventoryComparatorPower": true,
    "inventoryOutSlotIDs": [],
    "spawnWorldTypes": [],
    "restricPerBiome": false,
    "restrictionBiomes": [],
    "blocksToReplace": [
      {
        "value": "Blocks.STONE"
      }
    ],
    "frequencyPerChunks": 10,
    "frequencyOnChunk": 16,
    "minGenerateHeight": 10,
    "maxGenerateHeight": 110
  }
}