{
  "_fv": 4,
  "_type": "item",
  "definition": {
    "renderType": 0,
    "texture": "redpowderpng",
    "customModelName": "Normal",
    "oreDictionaryName": "",
    "name": "Red Powderz",
    "creativeTab": {
      "value": "CUSTOM:Ingots"
    },
    "stackSize": 64,
    "enchantability": 0,
    "useDuration": 0,
    "toolType": 1.0,
    "damageCount": 0,
    "destroyAnyBlock": false,
    "stayInGridWhenCrafting": false,
    "canBeDroppedAsGrassSeed": false,
    "droppedAsGrassSeedProbability": 5,
    "enableMeleeDamage": false,
    "damageVsEntity": 5.0,
    "specialInfo": [],
    "hasGlow": false
  }
}